context,input_frac,input_tokens,concurrency,max_tokens,stream,repeat,success,errors,agg_req_s,agg_tok_s,ttft_p50,ttft_p95,lat_p50,lat_p95,decode_p50,decode_p95,budget_exceeded,timestamp
8192,0.1,819,2,512,True,0,2,0,0.10,53,1.02,1.02,19.4,19.4,26.3,26.3,no,2026-09-01T11:33:04.599174
8192,0.1,819,2,512,True,1,2,0,0.10,52,0.78,0.78,19.6,19.6,26.1,26.1,no,2026-09-01T11:33:25.007195
8192,0.1,819,2,512,True,2,2,0,0.01,3,0.69,0.69,385.5,385.5,1.3,1.3,yes,2026-09-01T11:39:51.271122
8192,0.1,819,2,512,False,0,2,0,0.10,52,0.86,0.86,19.5,19.5,26.2,26.2,no,2026-09-01T11:40:11.673537
8192,0.1,819,2,512,False,1,2,0,0.10,52,0.81,0.81,19.6,19.6,26.1,26.1,no,2026-09-01T11:40:32.073960
8192,0.1,819,2,512,False,2,2,0,0.10,52,0.74,0.74,19.6,19.6,26.1,26.1,no,2026-09-01T11:40:52.444007
8192,0.1,819,2,2048,True,0,2,0,0.03,54,0.69,0.69,75.3,75.3,27.2,27.2,no,2026-09-01T11:42:08.473015
8192,0.1,819,2,2048,True,1,2,0,0.03,54,0.68,0.68,75.3,75.3,27.2,27.2,no,2026-09-01T11:43:24.458570
8192,0.1,819,2,2048,True,2,2,0,0.03,54,0.70,0.70,75.3,75.3,27.2,27.2,no,2026-09-01T11:44:40.496770
8192,0.1,819,2,2048,False,0,2,0,0.03,55,0.78,0.78,74.8,74.8,27.4,27.4,no,2026-09-01T09:55:58.168352
8192,0.1,819,2,2048,False,1,2,0,0.03,55,0.64,0.64,75.1,75.1,27.3,27.3,no,2026-09-01T09:57:13.939538
8192,0.1,819,2,2048,False,2,2,0,0.03,55,0.65,0.65,75.1,75.1,27.3,27.3,no,2026-09-01T09:58:29.713070
8192,0.1,819,4,512,True,0,4,0,0.20,103,1.03,1.03,19.9,19.9,25.7,25.8,no,2026-09-01T09:58:50.678133
8192,0.1,819,4,512,True,1,4,0,0.20,102,0.92,0.92,20.0,20.1,25.6,25.6,no,2026-09-01T09:59:11.667043
8192,0.1,819,4,512,True,2,4,0,0.20,103,0.90,0.90,19.9,19.9,25.7,25.7,no,2026-09-01T09:59:32.505351
8192,0.1,819,4,512,False,0,4,0,0.20,103,0.87,0.87,19.9,19.9,25.7,25.7,no,2026-09-01T09:59:53.328780
8192,0.1,819,4,512,False,1,4,0,0.20,102,0.93,0.93,20.0,20.0,25.6,25.6,no,2026-09-01T10:00:14.267447
8192,0.1,819,4,512,False,2,4,0,0.20,102,0.92,0.92,20.0,20.0,25.6,25.6,no,2026-09-01T10:00:35.218999
8192,0.1,819,4,2048,True,0,4,0,0.05,107,0.87,0.87,76.5,76.5,26.8,26.8,no,2026-09-01T10:01:52.609625
8192,0.1,819,4,2048,True,1,4,0,0.05,107,0.87,0.87,76.6,76.6,26.7,26.8,no,2026-09-01T10:03:10.050780
8192,0.1,819,4,2048,True,2,4,0,0.05,107,0.89,0.89,76.6,76.6,26.8,26.8,no,2026-09-01T10:04:27.506794
8192,0.1,819,4,2048,False,0,4,0,0.05,107,0.88,0.88,76.6,76.6,26.7,26.7,no,2026-09-01T10:05:45.006799
8192,0.1,819,4,2048,False,1,4,0,0.05,107,0.91,0.91,76.6,76.6,26.7,26.8,no,2026-09-01T10:07:02.529382
8192,0.1,819,4,2048,False,2,4,0,0.05,107,0.91,0.91,76.7,76.7,26.7,26.7,no,2026-09-01T10:08:20.117608
8192,0.1,819,8,512,True,0,8,0,0.39,202,0.97,1.10,20.3,20.3,25.2,25.3,no,2026-09-01T10:08:41.522975
8192,0.1,819,8,512,True,1,8,0,0.40,204,1.04,1.04,20.1,20.1,25.5,25.6,no,2026-09-01T10:09:02.642073
8192,0.1,819,8,512,True,2,8,0,0.40,204,1.05,1.06,20.1,20.1,25.5,25.6,no,2026-09-01T10:09:23.752766
8192,0.1,819,8,512,False,0,8,0,0.40,204,1.04,1.04,20.0,20.0,25.5,25.6,no,2026-09-01T10:09:44.840926
8192,0.1,819,8,512,False,1,8,0,0.40,204,1.02,1.02,20.1,20.1,25.5,25.6,no,2026-09-01T10:10:05.926336
8192,0.1,819,8,512,False,2,8,0,0.40,204,1.01,1.01,20.0,20.0,25.5,25.6,no,2026-09-01T10:10:26.991410
8192,0.1,819,8,2048,True,0,8,0,0.10,214,0.99,0.99,76.5,76.5,26.8,26.8,no,2026-09-01T10:11:44.447410
8192,0.1,819,8,2048,True,1,8,0,0.10,214,1.01,1.01,76.5,76.5,26.8,26.8,no,2026-09-01T10:13:01.970243
8192,0.1,819,8,2048,True,2,8,0,0.11,216,0.89,0.89,75.8,75.8,27.0,27.0,no,2026-09-01T10:33:44.603040
8192,0.1,819,8,2048,False,0,8,0,0.10,214,0.97,0.97,76.4,76.4,26.8,26.8,no,2026-09-01T10:35:02.003231
8192,0.1,819,8,2048,False,1,8,0,0.11,216,0.82,0.82,75.7,75.7,27.0,27.1,no,2026-09-01T10:42:46.408966
8192,0.1,819,8,2048,False,2,8,0,0.10,214,0.99,0.99,76.4,76.4,26.8,26.8,no,2026-09-01T10:44:03.823979
8192,0.1,819,16,512,True,0,16,0,0.40,207,1.02,1.02,39.6,39.7,25.1,25.7,no,2026-09-01T10:44:44.516750
8192,0.1,819,16,512,True,1,16,0,0.40,206,1.00,1.00,39.6,39.7,25.1,25.6,no,2026-09-01T10:45:25.201426
8192,0.1,819,16,512,True,2,16,0,0.40,207,1.00,1.00,39.5,39.7,25.1,25.7,no,2026-09-01T10:46:05.877450
8192,0.1,819,16,512,False,0,16,0,0.40,206,1.01,1.01,39.7,39.7,25.1,25.6,no,2026-09-01T10:46:46.607097
8192,0.1,819,16,512,False,1,16,0,0.40,206,1.00,1.00,39.6,39.7,25.1,25.6,no,2026-09-01T10:47:27.338228
8192,0.1,819,16,512,False,2,16,0,0.40,206,1.03,1.03,39.5,39.7,25.0,25.7,no,2026-09-01T10:48:08.091028
8192,0.1,819,16,2048,True,0,16,0,0.10,215,1.01,1.01,152.4,152.5,26.7,26.8,no,2026-09-01T10:50:41.620101
8192,0.1,819,16,2048,True,1,16,0,0.11,217,0.91,0.91,151.1,151.2,26.9,27.0,no,2026-09-01T10:55:47.348493
8192,0.1,819,16,2048,True,1,16,0,0.11,215,110.26,110.26,151.2,152.1,26.8,26.9,no,2026-09-01T10:58:19.842998
8192,0.1,819,16,2048,True,2,6,10,0.03,54,1.37,1.37,226.8,226.8,9.0,9.0,no,2026-09-01T11:00:49.814193
8192,0.1,819,16,2048,True,2,14,2,0.06,126,75.42,75.85,151.6,226.8,26.6,26.8,no,2026-09-01T11:03:22.460757
8192,0.1,819,16,2048,True,2,9,7,0.04,81,6.15,6.17,226.7,227.6,9.0,13.8,no,2026-09-01T11:04:36.825298
8192,0.1,819,16,2048,False,0,16,0,0.07,146,154.02,154.13,153.4,224.6,13.8,26.5,no,2026-09-01T11:07:08.554618
8192,0.1,819,16,2048,False,0,2,14,0.01,17,2.01,2.55,247.0,247.0,9.0,9.0,yes,2026-09-01T11:07:31.968417
8192,0.1,819,16,2048,False,1,10,6,0.04,83,31.87,31.87,171.3,247.4,12.0,24.2,yes,2026-09-01T11:13:04.369532
8192,0.1,819,16,2048,False,1,14,2,0.06,116,54.58,55.28,152.2,247.2,13.5,26.8,yes,2026-09-01T11:13:04.374363
8192,0.1,819,16,2048,False,2,16,0,0.11,215,0.79,0.79,152.0,152.1,26.8,26.9,no,2026-09-01T11:17:53.883499
32768,0.1,3276,2,512,True,0,2,0,0.10,51,1.68,1.68,20.2,20.2,25.3,25.3,no,2026-09-01T11:18:15.802349
32768,0.1,3276,2,512,True,1,2,0,0.10,50,1.62,1.62,20.5,20.5,25.0,25.0,no,2026-09-01T11:18:37.969489
32768,0.1,3276,2,512,True,2,2,0,0.10,50,1.67,1.67,20.6,20.6,24.9,24.9,no,2026-09-01T11:19:00.216122
32768,0.1,3276,2,512,False,0,2,0,0.10,50,1.64,1.64,20.5,20.5,25.0,25.0,no,2026-09-01T11:19:22.404953
32768,0.1,3276,2,512,False,1,2,0,0.10,50,1.63,1.63,20.6,20.6,24.9,24.9,no,2026-09-01T11:19:44.625947
32768,0.1,3276,2,512,False,2,2,0,0.10,50,1.61,1.61,20.6,20.6,24.9,24.9,no,2026-09-01T11:20:06.823634
32768,0.1,3276,2,2048,True,0,2,0,0.03,53,1.77,1.77,76.7,76.7,26.7,26.7,no,2026-09-01T11:21:25.280330
32768,0.1,3276,2,2048,True,1,2,0,0.03,54,1.63,1.63,76.5,76.5,26.8,26.8,no,2026-09-01T11:22:43.450321
32768,0.1,3276,2,2048,True,2,2,0,0.03,54,1.63,1.63,76.5,76.5,26.8,26.8,no,2026-09-01T11:24:01.552439
32768,0.1,3276,2,2048,False,0,2,0,0.03,53,1.67,1.67,76.6,76.6,26.7,26.7,no,2026-09-01T11:25:19.840286
32768,0.1,3276,2,2048,False,1,2,0,0.03,54,1.62,1.62,76.5,76.5,26.8,26.8,no,2026-09-01T11:26:37.974149
32768,0.1,3276,2,2048,False,2,2,0,0.03,54,1.62,1.62,76.5,76.5,26.8,26.8,no,2026-09-01T11:27:56.113939
32768,0.1,3276,4,512,True,0,4,0,0.18,94,2.65,2.65,21.9,21.9,23.4,23.5,no,2026-09-01T11:28:20.667191
32768,0.1,3276,4,512,True,1,4,0,0.18,93,2.73,2.74,21.9,21.9,23.4,23.4,no,2026-09-01T11:28:45.333693
32768,0.1,3276,4,512,True,2,4,0,0.18,93,2.64,2.66,21.9,21.9,23.4,23.4,no,2026-09-01T11:29:09.906854
32768,0.1,3276,4,512,False,0,4,0,0.18,93,2.67,2.69,21.9,22.0,23.3,23.4,no,2026-09-01T11:29:34.557607
32768,0.1,3276,4,512,False,1,4,0,0.18,93,2.66,2.68,21.9,21.9,23.4,23.4,no,2026-09-01T11:29:59.167941
32768,0.1,3276,4,512,False,2,4,0,0.18,93,2.77,2.78,22.1,22.1,23.2,23.2,no,2026-09-01T11:30:24.048001
32768,0.1,3276,4,2048,True,0,4,0,0.05,104,2.71,2.74,79.0,79.1,25.9,25.9,no,2026-09-01T11:31:45.859203
32768,0.1,3276,4,2048,True,1,4,0,0.05,104,2.66,2.68,79.1,79.1,25.9,25.9,no,2026-09-01T11:33:07.658691
32768,0.1,3276,4,2048,True,2,4,0,0.05,104,2.67,2.70,79.1,79.1,25.9,25.9,no,2026-09-01T11:34:29.468442
32768,0.1,3276,4,2048,False,0,4,0,0.05,104,2.62,2.64,79.1,79.1,25.9,25.9,no,2026-09-01T11:35:51.218603
32768,0.1,3276,4,2048,False,1,4,0,0.05,104,2.65,2.66,79.1,79.1,25.9,25.9,no,2026-09-01T11:37:12.983834
32768,0.1,3276,4,2048,False,2,4,0,0.05,104,2.66,2.68,79.1,79.1,25.9,25.9,no,2026-09-01T11:38:34.808752
32768,0.1,3276,8,512,True,0,8,0,0.33,171,3.15,3.19,24.0,24.0,21.4,21.4,no,2026-09-01T11:39:02.000633
32768,0.1,3276,8,512,True,1,8,0,0.34,172,3.18,3.21,23.7,23.8,21.6,21.6,no,2026-09-01T11:39:28.991179
32768,0.1,3276,8,512,True,2,8,0,0.34,172,3.19,3.23,23.7,23.7,21.6,21.7,no,2026-09-01T11:39:55.968351
32768,0.1,3276,8,512,False,0,8,0,0.34,173,3.14,3.16,23.7,23.7,21.6,21.7,no,2026-09-01T11:40:22.852351
32768,0.1,3276,8,512,False,1,8,0,0.34,173,3.14,3.17,23.7,23.7,21.6,21.7,no,2026-09-01T11:40:49.757600
32768,0.1,3276,8,512,False,2,8,0,0.34,172,3.18,3.21,23.7,23.8,21.6,21.7,no,2026-09-01T11:41:16.747177
32768,0.1,3276,8,2048,True,0,8,0,0.10,202,3.16,3.18,81.2,81.3,25.2,25.2,no,2026-09-01T11:42:41.217589
32768,0.1,3276,8,2048,True,1,8,0,0.10,199,3.14,3.17,81.2,81.3,25.2,25.2,no,2026-09-01T11:44:05.646885
32768,0.1,3276,8,2048,True,2,8,0,0.10,202,3.14,3.16,81.3,81.3,25.2,25.2,no,2026-09-01T11:45:30.116452
32768,0.1,3276,8,2048,False,0,8,0,0.10,201,3.13,3.17,81.3,81.4,25.2,25.2,no,2026-09-01T11:46:54.643482
32768,0.1,3276,8,2048,False,1,8,0,0.10,201,3.14,3.23,81.3,81.4,25.2,25.2,no,2026-09-01T11:48:19.277964
32768,0.1,3276,8,2048,False,2,8,0,0.10,201,3.15,3.19,81.4,81.4,25.2,25.2,no,2026-09-01T11:49:43.906322
32768,0.1,3276,16,512,True,0,16,0,0.34,175,3.21,3.23,46.6,46.8,20.0,21.7,no,2026-09-01T11:50:33.902825
8192,0.15,1228,2,512,True,0,2,0,0.10,52,1.16,1.16,19.5,19.5,26.3,26.3,no,2026-09-01T12:07:39.165072
8192,0.15,1228,2,512,True,1,2,0,0.10,52,0.75,0.75,19.6,19.6,26.2,26.2,no,2026-09-01T12:07:59.475738
8192,0.15,1228,2,512,True,2,2,0,0.10,52,0.72,0.72,19.5,19.5,26.3,26.3,no,2026-09-01T12:08:19.729422
8192,0.15,1228,2,512,False,0,2,0,0.10,52,0.73,0.73,19.6,19.6,26.1,26.1,no,2026-09-01T12:08:40.094649
8192,0.15,1228,2,512,False,1,2,0,0.10,52,0.73,0.73,19.5,19.5,26.3,26.3,no,2026-09-01T12:09:00.370422
8192,0.15,1228,2,512,False,2,2,0,0.10,52,0.73,0.73,19.5,19.5,26.3,26.3,no,2026-09-01T12:09:20.623017
8192,0.15,1228,2,2048,True,0,2,0,0.03,54,0.77,0.77,75.2,75.2,27.2,27.2,no,2026-09-01T12:10:36.607068
8192,0.15,1228,2,2048,True,1,2,0,0.03,54,0.75,0.75,75.3,75.3,27.2,27.2,no,2026-09-01T12:11:52.647641
8192,0.15,1228,2,2048,True,2,2,0,0.03,54,0.73,0.73,75.3,75.3,27.2,27.2,no,2026-09-01T12:13:08.665598
8192,0.15,1228,2,2048,False,0,2,0,0.03,54,0.73,0.73,75.3,75.3,27.2,27.2,no,2026-09-01T12:14:24.708022
8192,0.15,1228,2,2048,False,1,2,0,0.03,54,0.75,0.75,75.3,75.3,27.2,27.2,no,2026-09-01T12:15:40.757554
8192,0.15,1228,2,2048,False,2,2,0,0.03,54,0.73,0.73,75.3,75.3,27.2,27.2,no,2026-09-01T12:16:56.785937
8192,0.15,1228,4,512,True,0,4,0,0.20,101,1.18,1.18,20.2,20.2,25.3,25.3,no,2026-09-01T12:17:18.191692
8192,0.15,1228,4,512,True,1,4,0,0.20,101,1.13,1.13,20.2,20.2,25.3,25.3,no,2026-09-01T12:17:39.561346
8192,0.15,1228,4,512,True,2,4,0,0.20,101,1.13,1.13,20.2,20.2,25.3,25.4,no,2026-09-01T12:18:00.910045
8192,0.15,1228,4,512,False,0,4,0,0.20,101,1.09,1.09,20.3,20.3,25.3,25.3,no,2026-09-01T12:18:22.277004
8192,0.15,1228,4,512,False,1,4,0,0.20,101,1.13,1.13,20.2,20.2,25.3,25.4,no,2026-09-01T12:18:43.636701
8192,0.15,1228,4,512,False,2,4,0,0.20,101,1.09,1.09,20.2,20.2,25.3,25.4,no,2026-09-01T12:19:04.929819
8192,0.15,1228,4,2048,True,0,4,0,0.05,106,1.16,1.16,76.9,76.9,26.6,26.6,no,2026-09-01T12:20:23.028775
8192,0.15,1228,4,2048,True,1,4,0,0.05,106,1.15,1.15,77.0,77.0,26.6,26.6,no,2026-09-01T12:21:41.184386
8192,0.15,1228,4,2048,True,2,4,0,0.05,106,1.12,1.12,76.9,76.9,26.6,26.6,no,2026-09-01T12:22:59.252400
8192,0.15,1228,4,2048,False,0,4,0,0.05,106,1.13,1.14,77.0,77.0,26.6,26.6,no,2026-09-01T12:24:17.364756
8192,0.15,1228,4,2048,False,1,4,0,0.05,106,1.13,1.13,77.0,77.0,26.6,26.6,no,2026-09-01T12:25:35.505606
8192,0.15,1228,4,2048,False,2,4,0,0.05,107,1.10,1.10,76.9,76.9,26.6,26.6,no,2026-09-01T12:26:53.526440
8192,0.15,1228,8,512,True,0,8,0,0.38,196,1.28,1.32,20.9,20.9,24.5,24.6,no,2026-09-01T12:27:15.716854
8192,0.15,1228,8,512,True,1,8,0,0.39,198,1.44,1.45,20.7,20.7,24.7,24.8,no,2026-09-01T12:27:37.878908
8192,0.15,1228,8,512,True,2,8,0,0.39,199,1.32,1.32,20.6,20.6,24.9,24.9,no,2026-09-01T12:27:59.807558
8192,0.15,1228,8,512,False,0,8,0,0.39,199,1.30,1.30,20.6,20.6,24.8,24.9,no,2026-09-01T12:28:21.743139
8192,0.15,1228,8,512,False,1,8,0,0.39,184,1.32,1.32,20.6,20.6,24.9,25.0,no,2026-09-01T12:28:43.627698
8192,0.15,1228,8,512,False,2,8,0,0.39,199,1.33,1.33,20.6,20.6,24.8,24.9,no,2026-09-01T12:29:05.586459
8192,0.15,1228,8,2048,True,0,8,0,0.10,212,1.27,1.27,77.2,77.2,26.5,26.5,no,2026-09-01T12:30:24.087795
8192,0.15,1228,8,2048,True,1,8,0,0.10,212,1.32,1.32,77.2,77.2,26.5,26.6,no,2026-09-01T12:31:42.620899
8192,0.15,1228,8,2048,True,2,8,0,0.10,212,1.35,1.35,77.2,77.2,26.5,26.6,no,2026-09-01T12:33:01.155426
8192,0.15,1228,8,2048,False,0,8,0,0.10,212,1.31,1.31,77.3,77.3,26.5,26.5,no,2026-09-01T12:34:19.748215
8192,0.15,1228,8,2048,False,1,8,0,0.10,212,1.29,1.29,77.2,77.2,26.5,26.6,no,2026-09-01T12:35:38.251460
8192,0.15,1228,16,512,True,0,6,10,0.31,156,0.99,0.99,19.6,19.7,26.1,26.1,no,2026-09-01T12:37:15.151167
8192,0.15,1228,16,512,True,1,6,10,0.30,152,1.32,1.32,20.2,20.2,25.4,25.6,no,2026-09-01T12:37:36.656426
8192,0.15,1228,16,512,False,0,6,10,0.30,152,1.30,1.30,20.1,20.2,25.5,25.7,no,2026-09-01T12:37:58.122632
8192,0.15,1228,16,512,False,1,5,11,0.25,129,1.35,1.35,19.9,19.9,25.8,26.1,no,2026-09-01T12:38:19.338146
8192,0.15,1228,16,2048,True,0,11,5,0.07,148,1.02,1.02,77.2,152.5,26.5,26.6,no,2026-09-01T12:41:25.912001
8192,0.15,1228,16,2048,True,1,16,0,0.10,212,1.05,1.33,154.3,154.3,26.4,26.4,no,2026-09-01T12:44:01.591938
8192,0.15,1228,16,2048,False,0,16,0,0.10,213,1.32,1.33,154.0,154.1,26.4,26.5,no,2026-09-01T12:46:36.994707
8192,0.15,1228,16,2048,False,1,16,0,0.10,213,1.30,1.30,154.0,154.1,26.4,26.5,no,2026-09-01T12:49:12.368893
8192,0.3,2457,2,512,True,0,2,0,0.10,52,1.11,1.11,19.7,19.7,26.0,26.0,no,2026-09-01T12:49:33.165568
8192,0.3,2457,2,512,True,1,2,0,0.10,51,1.11,1.11,20.0,20.0,25.7,25.7,no,2026-09-01T12:49:54.244157
8192,0.3,2457,2,512,False,0,2,0,0.10,51,1.15,1.15,20.0,20.0,25.7,25.7,no,2026-09-01T12:50:15.383746
8192,0.3,2457,2,512,False,1,2,0,0.10,51,1.11,1.11,20.0,20.0,25.7,25.7,no,2026-09-01T12:50:36.463234
8192,0.3,2457,2,2048,True,0,2,0,0.03,54,1.12,1.12,75.9,75.9,27.0,27.0,no,2026-09-01T12:51:53.440098
8192,0.3,2457,2,2048,True,1,2,0,0.03,54,1.11,1.11,75.9,75.9,27.0,27.0,no,2026-09-01T12:53:10.427649
8192,0.3,2457,2,2048,False,0,2,0,0.03,45,2.13,2.13,75.0,75.0,27.3,27.3,no,2026-09-01T12:54:27.547144
8192,0.3,2457,2,2048,False,1,2,0,0.03,54,1.17,1.17,75.9,75.9,27.0,27.0,no,2026-09-01T12:55:44.576762
8192,0.3,2457,4,512,True,0,4,0,0.19,97,1.88,1.88,21.1,21.1,24.3,24.3,no,2026-09-01T12:56:07.535364
8192,0.3,2457,4,512,True,1,4,0,0.19,97,1.91,1.91,21.1,21.1,24.3,24.3,no,2026-09-01T12:56:30.538578
8192,0.3,2457,4,512,False,0,4,0,0.19,97,1.89,1.89,21.1,21.1,24.3,24.4,no,2026-09-01T12:56:53.492607
8192,0.3,2457,4,512,False,1,4,0,0.19,97,1.88,1.88,21.1,21.1,24.2,24.3,no,2026-09-01T12:57:16.495638
8192,0.3,2457,4,2048,True,0,4,0,0.05,105,1.86,1.86,78.0,78.0,26.2,26.3,no,2026-09-01T12:58:36.393324
8192,0.3,2457,4,2048,True,1,4,0,0.05,105,1.86,1.86,78.1,78.1,26.2,26.2,no,2026-09-01T12:59:56.402938
8192,0.3,2457,4,2048,False,0,4,0,0.05,105,1.87,1.87,78.1,78.1,26.2,26.3,no,2026-09-01T13:01:16.327105
8192,0.3,2457,4,2048,False,1,4,0,0.05,95,1.86,1.86,77.8,77.8,26.3,26.3,no,2026-09-01T13:02:35.989517
8192,0.3,2457,8,512,True,0,8,0,0.35,181,2.22,2.24,22.6,22.6,22.7,22.8,no,2026-09-01T13:03:00.841067
8192,0.3,2457,8,512,True,1,8,0,0.36,184,2.26,2.33,22.3,22.3,23.0,23.0,no,2026-09-01T13:03:25.481598
8192,0.3,2457,8,512,False,0,8,0,0.36,183,2.33,2.35,22.3,22.3,23.0,23.0,no,2026-09-01T13:03:50.157910
8192,0.3,2457,8,512,False,1,8,0,0.36,184,2.26,2.28,22.3,22.3,23.0,23.0,no,2026-09-01T13:04:14.766269
8192,0.3,2457,8,2048,True,0,8,0,0.10,205,2.26,2.28,79.5,79.5,25.8,25.8,no,2026-09-01T13:05:36.540274
8192,0.3,2457,8,2048,True,1,8,0,0.10,206,2.32,2.34,79.5,79.5,25.8,25.8,no,2026-09-01T13:06:58.397885
8192,0.3,2457,8,2048,False,0,8,0,0.10,206,2.26,2.29,79.5,79.5,25.8,25.8,no,2026-09-01T13:08:20.197836
8192,0.3,2457,8,2048,False,1,8,0,0.10,206,2.26,2.33,79.5,79.5,25.8,25.8,no,2026-09-01T13:09:42.052270
8192,0.3,2457,16,512,True,0,16,0,0.36,185,2.26,2.29,44.1,44.2,21.4,23.0,no,2026-09-01T13:10:28.581799
8192,0.3,2457,16,512,True,1,16,0,0.36,185,2.26,2.29,44.3,44.4,21.4,23.1,no,2026-09-01T13:11:15.267880
8192,0.3,2457,16,512,False,0,16,0,0.36,185,2.30,2.32,44.2,44.3,21.4,23.0,no,2026-09-01T13:12:01.900420
8192,0.3,2457,16,512,False,1,16,0,0.36,185,2.28,2.30,44.2,44.3,21.4,23.0,no,2026-09-01T13:12:48.471300
8192,0.3,2457,16,2048,True,0,16,0,0.10,195,2.26,2.29,88.7,158.1,25.3,25.8,no,2026-09-01T13:15:28.843488
8192,0.3,2457,16,2048,True,1,16,0,0.10,207,2.28,2.30,158.6,158.6,25.4,25.8,no,2026-09-01T13:18:09.777729
8192,0.3,2457,16,2048,False,0,16,0,0.10,211,0.84,0.84,155.0,155.0,25.9,26.1,no,2026-09-01T14:01:05.271105
8192,0.3,2457,16,2048,False,1,16,0,0.10,207,2.26,2.28,158.4,158.5,25.3,25.8,no,2026-09-01T14:03:46.075015
32768,0.1,3276,16,512,True,1,16,0,0.34,175,3.24,3.27,46.8,46.9,20.0,21.7,no,2026-09-01T14:04:36.244270
32768,0.1,3276,16,512,False,0,16,0,0.34,175,3.15,3.18,46.6,46.8,20.0,21.7,no,2026-09-01T14:05:26.211533
32768,0.1,3276,16,512,False,1,16,0,0.34,175,3.24,3.26,46.7,46.8,20.0,21.7,no,2026-09-01T14:06:16.302461
32768,0.1,3276,16,2048,True,0,16,0,0.10,202,3.15,3.18,161.9,162.1,24.6,25.2,no,2026-09-01T14:09:01.592189
32768,0.1,3276,16,2048,True,1,16,0,0.10,202,3.20,3.23,161.9,162.1,24.6,25.2,no,2026-09-01T14:11:46.907008
32768,0.1,3276,16,2048,False,0,16,0,0.10,202,3.15,3.19,161.9,162.0,24.6,25.2,no,2026-09-01T14:14:32.148377
32768,0.1,3276,16,2048,False,1,16,0,0.10,193,3.18,3.20,102.1,161.5,24.6,25.2,no,2026-09-01T14:17:16.820114
32768,0.15,4915,2,512,True,0,2,0,0.10,49,2.15,2.15,20.8,20.8,24.6,24.6,no,2026-09-01T14:17:39.777005
32768,0.15,4915,2,512,True,1,2,0,0.09,48,2.19,2.19,21.2,21.2,24.2,24.2,no,2026-09-01T14:18:03.120770
32768,0.15,4915,2,512,False,0,2,0,0.09,48,2.15,2.15,21.2,21.2,24.2,24.2,no,2026-09-01T14:18:26.441793
32768,0.15,4915,2,512,False,1,2,0,0.09,48,2.15,2.15,21.2,21.2,24.2,24.2,no,2026-09-01T14:18:49.753519
32768,0.15,4915,2,2048,True,0,2,0,0.03,51,2.17,2.17,77.1,77.1,26.6,26.6,no,2026-09-01T14:20:08.996578
32768,0.15,4915,2,2048,True,1,2,0,0.03,53,2.38,2.38,77.3,77.3,26.5,26.5,no,2026-09-01T14:21:28.691236
32768,0.15,4915,2,2048,False,0,2,0,0.03,53,2.17,2.17,77.3,77.3,26.5,26.5,no,2026-09-01T14:22:48.170719
32768,0.15,4915,2,2048,False,1,2,0,0.03,53,2.15,2.15,77.3,77.3,26.5,26.5,no,2026-09-01T14:24:07.613859
32768,0.15,4915,4,512,True,0,4,0,0.17,89,3.81,3.85,23.1,23.1,22.3,22.3,no,2026-09-01T14:24:34.604993
32768,0.15,4915,4,512,True,1,4,0,0.17,89,3.72,3.73,23.1,23.1,22.2,22.2,no,2026-09-01T14:25:01.444827
32768,0.15,4915,4,512,False,0,4,0,0.17,85,3.77,3.77,23.2,23.2,22.1,22.1,no,2026-09-01T14:25:28.404772
32768,0.15,4915,4,512,False,1,4,0,0.17,89,3.72,3.72,23.1,23.1,22.2,22.2,no,2026-09-01T14:25:55.242320
32768,0.15,4915,4,2048,True,0,4,0,0.05,101,3.76,3.76,80.8,80.8,25.4,25.4,no,2026-09-01T14:27:19.778986
32768,0.15,4915,4,2048,True,1,4,0,0.05,101,3.75,3.75,80.7,80.7,25.4,25.4,no,2026-09-01T14:28:44.271038
32768,0.15,4915,4,2048,False,0,4,0,0.05,101,3.79,3.79,80.7,80.7,25.4,25.4,no,2026-09-01T14:30:08.810310
32768,0.15,4915,4,2048,False,1,4,0,0.05,101,3.73,3.74,80.8,80.8,25.4,25.4,no,2026-09-01T14:31:33.341358
32768,0.15,4915,8,512,True,0,8,0,0.30,155,4.48,4.50,26.3,26.4,19.5,19.5,no,2026-09-01T14:32:04.256307
32768,0.15,4915,8,512,True,1,8,0,0.31,157,4.47,4.49,26.0,26.1,19.7,19.8,no,2026-09-01T14:32:34.859344
32768,0.15,4915,8,512,False,0,7,1,0.28,143,4.48,4.51,25.1,25.1,20.4,20.5,no,2026-09-01T14:33:04.510087
32768,0.15,4915,8,512,False,1,7,1,0.28,128,4.49,4.51,25.0,25.1,20.4,20.6,no,2026-09-01T14:33:34.107252
32768,0.15,4915,8,2048,True,0,7,1,0.08,170,4.48,4.51,83.0,83.0,24.7,24.7,no,2026-09-01T14:35:01.657750
32768,0.15,4915,8,2048,True,1,8,0,0.09,193,4.51,4.54,84.8,84.9,24.2,24.2,no,2026-09-01T14:36:31.080222
32768,0.15,4915,8,2048,False,0,8,0,0.09,192,4.86,4.90,85.1,85.1,24.1,24.1,no,2026-09-01T14:38:01.119937
32768,0.15,4915,16,512,True,0,16,0,0.31,157,4.79,4.82,52.3,52.3,16.6,19.5,no,2026-09-01T14:40:18.117981
32768,0.15,4915,16,512,False,0,16,0,0.31,158,4.52,4.55,51.6,51.8,16.5,19.5,no,2026-09-01T14:41:14.447277
32768,0.15,4915,16,2048,True,0,14,2,0.08,169,4.53,4.56,88.7,164.9,23.3,24.3,no,2026-09-01T14:44:03.914175
32768,0.15,4915,16,2048,False,0,16,0,0.10,187,4.48,4.52,121.2,168.0,22.8,24.0,no,2026-09-01T14:46:56.453981
32768,0.3,9830,2,512,True,0,2,0,0.09,45,4.09,4.09,22.9,22.9,22.4,22.4,no,2026-09-01T14:47:23.474934
32768,0.3,9830,2,512,False,0,2,0,0.09,44,4.09,4.09,23.2,23.2,22.1,22.1,no,2026-09-01T14:47:50.805758
32768,0.3,9830,2,2048,True,0,2,0,0.02,51,4.15,4.15,80.1,80.1,25.6,25.6,no,2026-09-01T14:49:15.069975
32768,0.3,9830,2,2048,False,0,2,0,0.02,51,4.05,4.05,80.0,80.0,25.6,25.6,no,2026-09-01T14:50:39.145001
32768,0.3,9830,4,512,True,0,4,0,0.15,76,7.36,7.40,27.0,27.0,19.0,19.0,no,2026-09-01T14:51:13.565553
32768,0.3,9830,4,512,False,0,4,0,0.15,76,7.21,7.24,27.1,27.1,19.0,19.0,no,2026-09-01T14:51:47.902000
32768,0.3,9830,4,2048,True,0,4,0,0.05,95,7.19,7.22,85.7,85.8,23.9,23.9,no,2026-09-01T14:53:20.906331
32768,0.3,9830,4,2048,False,0,4,0,0.05,96,7.19,7.19,85.8,85.8,23.9,23.9,no,2026-09-01T14:54:53.882125
32768,0.3,9830,8,512,True,0,8,0,0.24,121,8.00,8.79,33.8,33.9,15.2,15.2,no,2026-09-01T14:55:36.626575
32768,0.3,9830,8,512,False,0,8,0,0.24,121,8.19,8.99,33.7,33.9,15.2,15.2,no,2026-09-01T14:56:19.502496
32768,0.3,9830,8,2048,True,0,8,0,0.09,164,8.08,8.87,93.9,94.1,21.8,21.8,no,2026-09-01T14:58:02.498153
32768,0.3,9830,8,2048,False,0,8,0,0.08,173,8.00,8.79,94.5,94.6,21.7,21.7,no,2026-09-01T14:59:45.935561
32768,0.3,9830,16,512,True,0,16,0,0.24,123,7.98,8.77,66.1,66.3,11.8,15.2,no,2026-09-01T15:01:01.068488
32768,0.3,9830,16,512,False,0,16,0,0.24,123,8.02,8.80,66.1,66.4,11.8,15.2,no,2026-09-01T15:02:16.277962
32768,0.3,9830,16,2048,True,0,16,0,0.09,166,7.99,8.78,161.1,186.8,19.6,21.0,no,2026-09-01T15:05:31.902599
131072,0.1,13107,2,512,True,0,2,0,0.08,42,5.43,5.43,24.4,24.4,21.0,21.0,no,2026-09-01T15:07:41.921638
131072,0.1,13107,2,512,False,0,2,0,0.08,42,5.13,5.13,24.6,24.6,20.9,20.9,no,2026-09-01T15:08:11.640547
131072,0.1,13107,2,2048,True,0,2,0,0.02,50,5.14,5.14,81.6,81.6,25.1,25.1,no,2026-09-01T15:09:38.356422
131072,0.1,13107,2,2048,False,0,2,0,0.02,50,5.17,5.17,81.8,81.8,25.1,25.1,no,2026-09-01T15:11:05.292051
131072,0.1,13107,2,8192,True,0,1,1,0.00,26,5.47,5.47,233.8,233.8,26.1,26.1,no,2026-09-01T15:16:11.893961
131072,0.1,13107,2,8192,False,0,0,2,0.00,0,6.47,6.47,0.0,0.0,0.0,0.0,no,2026-09-01T15:21:18.485626
131072,0.1,13107,4,512,True,0,4,0,0.14,70,9.34,9.75,29.3,29.4,17.5,17.5,no,2026-09-01T15:21:57.620888
131072,0.1,13107,4,512,False,0,4,0,0.14,70,9.00,9.32,29.3,29.4,17.5,17.5,no,2026-09-01T15:22:36.325758
131072,0.1,13107,4,2048,True,0,4,0,0.04,92,8.96,9.30,88.9,89.0,23.0,23.1,no,2026-09-01T15:24:14.636120
131072,0.1,13107,4,2048,False,0,4,0,0.04,92,9.01,9.42,89.0,89.1,23.0,23.0,no,2026-09-01T15:25:53.175105
131072,0.1,13107,4,8192,True,0,0,4,0.00,0,8.92,9.32,0.0,0.0,0.0,0.0,no,2026-09-01T15:31:03.689524
131072,0.1,13107,4,8192,False,0,2,2,0.01,40,9.33,9.74,231.4,231.4,24.7,24.7,no,2026-09-01T15:36:13.516452
